DATAFLOW,LAST UPDATE,freq,unit,emp_cont,sex,age,geo,TIME_PERIOD,OBS_VALUE,OBS_FLAG
ESTAT:TRNG_LFS_05$DEFAULTVIEW(1.0),09/03/22 11:00:00,A,PC,TOTAL,T,Y18-64,AT,2011,17.6,
ESTAT:TRNG_LFS_05$DEFAULTVIEW(1.0),09/03/22 11:00:00,A,PC,TOTAL,T,Y18-64,AT,2012,18.5,
ESTAT:TRNG_LFS_05$DEFAULTVIEW(1.0),09/03/22 11:00:00,A,PC,TOTAL,T,Y18-64,AT,2013,18.2,
ESTAT:TRNG_LFS_05$DEFAULTVIEW(1.0),09/03/22 11:00:00,A,PC,TOTAL,T,Y18-64,AT,2014,18.4,
ESTAT:TRNG_LFS_05$DEFAULTVIEW(1.0),09/03/22 11:00:00,A,PC,TOTAL,T,Y18-64,AT,2015,18.4,
ESTAT:TRNG_LFS_05$DEFAULTVIEW(1.0),09/03/22 11:00:00,A,PC,TOTAL,T,Y18-64,AT,2016,19.0,
ESTAT:TRNG_LFS_05$DEFAULTVIEW(1.0),09/03/22 11:00:00,A,PC,TOTAL,T,Y18-64,AT,2017,19.7,
ESTAT:TRNG_LFS_05$DEFAULTVIEW(1.0),09/03/22 11:00:00,A,PC,TOTAL,T,Y18-64,AT,2018,18.5,
ESTAT:TRNG_LFS_05$DEFAULTVIEW(1.0),09/03/22 11:00:00,A,PC,TOTAL,T,Y18-64,AT,2019,18.3,
ESTAT:TRNG_LFS_05$DEFAULTVIEW(1.0),09/03/22 11:00:00,A,PC,TOTAL,T,Y18-64,AT,2020,15.1,
ESTAT:TRNG_LFS_05$DEFAULTVIEW(1.0),09/03/22 11:00:00,A,PC,TOTAL,T,Y18-64,BE,2011,8.3,
ESTAT:TRNG_LFS_05$DEFAULTVIEW(1.0),09/03/22 11:00:00,A,PC,TOTAL,T,Y18-64,BE,2012,7.6,
ESTAT:TRNG_LFS_05$DEFAULTVIEW(1.0),09/03/22 11:00:00,A,PC,TOTAL,T,Y18-64,BE,2013,7.5,
ESTAT:TRNG_LFS_05$DEFAULTVIEW(1.0),09/03/22 11:00:00,A,PC,TOTAL,T,Y18-64,BE,2014,7.9,
ESTAT:TRNG_LFS_05$DEFAULTVIEW(1.0),09/03/22 11:00:00,A,PC,TOTAL,T,Y18-64,BE,2015,7.3,
ESTAT:TRNG_LFS_05$DEFAULTVIEW(1.0),09/03/22 11:00:00,A,PC,TOTAL,T,Y18-64,BE,2016,7.5,
ESTAT:TRNG_LFS_05$DEFAULTVIEW(1.0),09/03/22 11:00:00,A,PC,TOTAL,T,Y18-64,BE,2017,9.4,b
ESTAT:TRNG_LFS_05$DEFAULTVIEW(1.0),09/03/22 11:00:00,A,PC,TOTAL,T,Y18-64,BE,2018,9.5,
ESTAT:TRNG_LFS_05$DEFAULTVIEW(1.0),09/03/22 11:00:00,A,PC,TOTAL,T,Y18-64,BE,2019,9.7,
ESTAT:TRNG_LFS_05$DEFAULTVIEW(1.0),09/03/22 11:00:00,A,PC,TOTAL,T,Y18-64,BE,2020,8.5,
ESTAT:TRNG_LFS_05$DEFAULTVIEW(1.0),09/03/22 11:00:00,A,PC,TOTAL,T,Y18-64,BG,2011,2.1,b
ESTAT:TRNG_LFS_05$DEFAULTVIEW(1.0),09/03/22 11:00:00,A,PC,TOTAL,T,Y18-64,BG,2012,2.3,
ESTAT:TRNG_LFS_05$DEFAULTVIEW(1.0),09/03/22 11:00:00,A,PC,TOTAL,T,Y18-64,BG,2013,2.7,
ESTAT:TRNG_LFS_05$DEFAULTVIEW(1.0),09/03/22 11:00:00,A,PC,TOTAL,T,Y18-64,BG,2014,2.6,
ESTAT:TRNG_LFS_05$DEFAULTVIEW(1.0),09/03/22 11:00:00,A,PC,TOTAL,T,Y18-64,BG,2015,2.5,
ESTAT:TRNG_LFS_05$DEFAULTVIEW(1.0),09/03/22 11:00:00,A,PC,TOTAL,T,Y18-64,BG,2016,2.6,
ESTAT:TRNG_LFS_05$DEFAULTVIEW(1.0),09/03/22 11:00:00,A,PC,TOTAL,T,Y18-64,BG,2017,2.7,
ESTAT:TRNG_LFS_05$DEFAULTVIEW(1.0),09/03/22 11:00:00,A,PC,TOTAL,T,Y18-64,BG,2018,2.7,
ESTAT:TRNG_LFS_05$DEFAULTVIEW(1.0),09/03/22 11:00:00,A,PC,TOTAL,T,Y18-64,BG,2019,2.2,
ESTAT:TRNG_LFS_05$DEFAULTVIEW(1.0),09/03/22 11:00:00,A,PC,TOTAL,T,Y18-64,BG,2020,1.8,
ESTAT:TRNG_LFS_05$DEFAULTVIEW(1.0),09/03/22 11:00:00,A,PC,TOTAL,T,Y18-64,CH,2011,36.1,
ESTAT:TRNG_LFS_05$DEFAULTVIEW(1.0),09/03/22 11:00:00,A,PC,TOTAL,T,Y18-64,CH,2012,36.0,
ESTAT:TRNG_LFS_05$DEFAULTVIEW(1.0),09/03/22 11:00:00,A,PC,TOTAL,T,Y18-64,CH,2013,36.0,
ESTAT:TRNG_LFS_05$DEFAULTVIEW(1.0),09/03/22 11:00:00,A,PC,TOTAL,T,Y18-64,CH,2014,37.2,
ESTAT:TRNG_LFS_05$DEFAULTVIEW(1.0),09/03/22 11:00:00,A,PC,TOTAL,T,Y18-64,CH,2015,37.8,
ESTAT:TRNG_LFS_05$DEFAULTVIEW(1.0),09/03/22 11:00:00,A,PC,TOTAL,T,Y18-64,CH,2016,38.0,
ESTAT:TRNG_LFS_05$DEFAULTVIEW(1.0),09/03/22 11:00:00,A,PC,TOTAL,T,Y18-64,CH,2017,37.5,
ESTAT:TRNG_LFS_05$DEFAULTVIEW(1.0),09/03/22 11:00:00,A,PC,TOTAL,T,Y18-64,CH,2018,38.0,
ESTAT:TRNG_LFS_05$DEFAULTVIEW(1.0),09/03/22 11:00:00,A,PC,TOTAL,T,Y18-64,CH,2019,38.1,
ESTAT:TRNG_LFS_05$DEFAULTVIEW(1.0),09/03/22 11:00:00,A,PC,TOTAL,T,Y18-64,CH,2020,33.3,
ESTAT:TRNG_LFS_05$DEFAULTVIEW(1.0),09/03/22 11:00:00,A,PC,TOTAL,T,Y18-64,CY,2011,9.7,
ESTAT:TRNG_LFS_05$DEFAULTVIEW(1.0),09/03/22 11:00:00,A,PC,TOTAL,T,Y18-64,CY,2012,9.4,
ESTAT:TRNG_LFS_05$DEFAULTVIEW(1.0),09/03/22 11:00:00,A,PC,TOTAL,T,Y18-64,CY,2013,9.1,
ESTAT:TRNG_LFS_05$DEFAULTVIEW(1.0),09/03/22 11:00:00,A,PC,TOTAL,T,Y18-64,CY,2014,9.4,
ESTAT:TRNG_LFS_05$DEFAULTVIEW(1.0),09/03/22 11:00:00,A,PC,TOTAL,T,Y18-64,CY,2015,9.5,
ESTAT:TRNG_LFS_05$DEFAULTVIEW(1.0),09/03/22 11:00:00,A,PC,TOTAL,T,Y18-64,CY,2016,8.1,
ESTAT:TRNG_LFS_05$DEFAULTVIEW(1.0),09/03/22 11:00:00,A,PC,TOTAL,T,Y18-64,CY,2017,8.5,
ESTAT:TRNG_LFS_05$DEFAULTVIEW(1.0),09/03/22 11:00:00,A,PC,TOTAL,T,Y18-64,CY,2018,7.9,
ESTAT:TRNG_LFS_05$DEFAULTVIEW(1.0),09/03/22 11:00:00,A,PC,TOTAL,T,Y18-64,CY,2019,7.3,
ESTAT:TRNG_LFS_05$DEFAULTVIEW(1.0),09/03/22 11:00:00,A,PC,TOTAL,T,Y18-64,CY,2020,5.4,
ESTAT:TRNG_LFS_05$DEFAULTVIEW(1.0),09/03/22 11:00:00,A,PC,TOTAL,T,Y18-64,CZ,2011,14.5,b
ESTAT:TRNG_LFS_05$DEFAULTVIEW(1.0),09/03/22 11:00:00,A,PC,TOTAL,T,Y18-64,CZ,2012,14.0,
ESTAT:TRNG_LFS_05$DEFAULTVIEW(1.0),09/03/22 11:00:00,A,PC,TOTAL,T,Y18-64,CZ,2013,12.5,b
ESTAT:TRNG_LFS_05$DEFAULTVIEW(1.0),09/03/22 11:00:00,A,PC,TOTAL,T,Y18-64,CZ,2014,12.1,
ESTAT:TRNG_LFS_05$DEFAULTVIEW(1.0),09/03/22 11:00:00,A,PC,TOTAL,T,Y18-64,CZ,2015,10.8,
ESTAT:TRNG_LFS_05$DEFAULTVIEW(1.0),09/03/22 11:00:00,A,PC,TOTAL,T,Y18-64,CZ,2016,11.0,
ESTAT:TRNG_LFS_05$DEFAULTVIEW(1.0),09/03/22 11:00:00,A,PC,TOTAL,T,Y18-64,CZ,2017,12.1,
ESTAT:TRNG_LFS_05$DEFAULTVIEW(1.0),09/03/22 11:00:00,A,PC,TOTAL,T,Y18-64,CZ,2018,10.5,
ESTAT:TRNG_LFS_05$DEFAULTVIEW(1.0),09/03/22 11:00:00,A,PC,TOTAL,T,Y18-64,CZ,2019,9.9,
ESTAT:TRNG_LFS_05$DEFAULTVIEW(1.0),09/03/22 11:00:00,A,PC,TOTAL,T,Y18-64,CZ,2020,6.7,
ESTAT:TRNG_LFS_05$DEFAULTVIEW(1.0),09/03/22 11:00:00,A,PC,TOTAL,T,Y18-64,DE,2011,12.6,
ESTAT:TRNG_LFS_05$DEFAULTVIEW(1.0),09/03/22 11:00:00,A,PC,TOTAL,T,Y18-64,DE,2012,12.6,
ESTAT:TRNG_LFS_05$DEFAULTVIEW(1.0),09/03/22 11:00:00,A,PC,TOTAL,T,Y18-64,DE,2013,12.5,
ESTAT:TRNG_LFS_05$DEFAULTVIEW(1.0),09/03/22 11:00:00,A,PC,TOTAL,T,Y18-64,DE,2014,12.4,
ESTAT:TRNG_LFS_05$DEFAULTVIEW(1.0),09/03/22 11:00:00,A,PC,TOTAL,T,Y18-64,DE,2015,12.4,
ESTAT:TRNG_LFS_05$DEFAULTVIEW(1.0),09/03/22 11:00:00,A,PC,TOTAL,T,Y18-64,DE,2016,12.6,
ESTAT:TRNG_LFS_05$DEFAULTVIEW(1.0),09/03/22 11:00:00,A,PC,TOTAL,T,Y18-64,DE,2017,12.5,
ESTAT:TRNG_LFS_05$DEFAULTVIEW(1.0),09/03/22 11:00:00,A,PC,TOTAL,T,Y18-64,DE,2018,12.4,
ESTAT:TRNG_LFS_05$DEFAULTVIEW(1.0),09/03/22 11:00:00,A,PC,TOTAL,T,Y18-64,DE,2019,12.6,
ESTAT:TRNG_LFS_05$DEFAULTVIEW(1.0),09/03/22 11:00:00,A,PC,TOTAL,T,Y18-64,DE,2020,12.3,bp
ESTAT:TRNG_LFS_05$DEFAULTVIEW(1.0),09/03/22 11:00:00,A,PC,TOTAL,T,Y18-64,DK,2011,37.9,
ESTAT:TRNG_LFS_05$DEFAULTVIEW(1.0),09/03/22 11:00:00,A,PC,TOTAL,T,Y18-64,DK,2012,37.7,
ESTAT:TRNG_LFS_05$DEFAULTVIEW(1.0),09/03/22 11:00:00,A,PC,TOTAL,T,Y18-64,DK,2013,37.6,
ESTAT:TRNG_LFS_05$DEFAULTVIEW(1.0),09/03/22 11:00:00,A,PC,TOTAL,T,Y18-64,DK,2014,37.8,
ESTAT:TRNG_LFS_05$DEFAULTVIEW(1.0),09/03/22 11:00:00,A,PC,TOTAL,T,Y18-64,DK,2015,37.4,
ESTAT:TRNG_LFS_05$DEFAULTVIEW(1.0),09/03/22 11:00:00,A,PC,TOTAL,T,Y18-64,DK,2016,33.0,b
ESTAT:TRNG_LFS_05$DEFAULTVIEW(1.0),09/03/22 11:00:00,A,PC,TOTAL,T,Y18-64,DK,2017,32.4,b
ESTAT:TRNG_LFS_05$DEFAULTVIEW(1.0),09/03/22 11:00:00,A,PC,TOTAL,T,Y18-64,DK,2018,28.2,
ESTAT:TRNG_LFS_05$DEFAULTVIEW(1.0),09/03/22 11:00:00,A,PC,TOTAL,T,Y18-64,DK,2019,30.3,
ESTAT:TRNG_LFS_05$DEFAULTVIEW(1.0),09/03/22 11:00:00,A,PC,TOTAL,T,Y18-64,DK,2020,24.5,
ESTAT:TRNG_LFS_05$DEFAULTVIEW(1.0),09/03/22 11:00:00,A,PC,TOTAL,T,Y18-64,EA19,2011,11.6,
ESTAT:TRNG_LFS_05$DEFAULTVIEW(1.0),09/03/22 11:00:00,A,PC,TOTAL,T,Y18-64,EA19,2012,11.8,
ESTAT:TRNG_LFS_05$DEFAULTVIEW(1.0),09/03/22 11:00:00,A,PC,TOTAL,T,Y18-64,EA19,2013,14.4,b
ESTAT:TRNG_LFS_05$DEFAULTVIEW(1.0),09/03/22 11:00:00,A,PC,TOTAL,T,Y18-64,EA19,2014,14.7,
ESTAT:TRNG_LFS_05$DEFAULTVIEW(1.0),09/03/22 11:00:00,A,PC,TOTAL,T,Y18-64,EA19,2015,14.6,
ESTAT:TRNG_LFS_05$DEFAULTVIEW(1.0),09/03/22 11:00:00,A,PC,TOTAL,T,Y18-64,EA19,2016,14.8,
ESTAT:TRNG_LFS_05$DEFAULTVIEW(1.0),09/03/22 11:00:00,A,PC,TOTAL,T,Y18-64,EA19,2017,14.9,
ESTAT:TRNG_LFS_05$DEFAULTVIEW(1.0),09/03/22 11:00:00,A,PC,TOTAL,T,Y18-64,EA19,2018,15.0,
ESTAT:TRNG_LFS_05$DEFAULTVIEW(1.0),09/03/22 11:00:00,A,PC,TOTAL,T,Y18-64,EA19,2019,15.3,
ESTAT:TRNG_LFS_05$DEFAULTVIEW(1.0),09/03/22 11:00:00,A,PC,TOTAL,T,Y18-64,EA19,2020,13.4,
ESTAT:TRNG_LFS_05$DEFAULTVIEW(1.0),09/03/22 11:00:00,A,PC,TOTAL,T,Y18-64,EE,2011,15.9,
ESTAT:TRNG_LFS_05$DEFAULTVIEW(1.0),09/03/22 11:00:00,A,PC,TOTAL,T,Y18-64,EE,2012,16.9,
ESTAT:TRNG_LFS_05$DEFAULTVIEW(1.0),09/03/22 11:00:00,A,PC,TOTAL,T,Y18-64,EE,2013,16.3,
ESTAT:TRNG_LFS_05$DEFAULTVIEW(1.0),09/03/22 11:00:00,A,PC,TOTAL,T,Y18-64,EE,2014,14.8,
ESTAT:TRNG_LFS_05$DEFAULTVIEW(1.0),09/03/22 11:00:00,A,PC,TOTAL,T,Y18-64,EE,2015,15.1,
ESTAT:TRNG_LFS_05$DEFAULTVIEW(1.0),09/03/22 11:00:00,A,PC,TOTAL,T,Y18-64,EE,2016,18.9,
ESTAT:TRNG_LFS_05$DEFAULTVIEW(1.0),09/03/22 11:00:00,A,PC,TOTAL,T,Y18-64,EE,2017,20.3,
ESTAT:TRNG_LFS_05$DEFAULTVIEW(1.0),09/03/22 11:00:00,A,PC,TOTAL,T,Y18-64,EE,2018,23.6,
ESTAT:TRNG_LFS_05$DEFAULTVIEW(1.0),09/03/22 11:00:00,A,PC,TOTAL,T,Y18-64,EE,2019,23.9,
ESTAT:TRNG_LFS_05$DEFAULTVIEW(1.0),09/03/22 11:00:00,A,PC,TOTAL,T,Y18-64,EE,2020,19.9,
ESTAT:TRNG_LFS_05$DEFAULTVIEW(1.0),09/03/22 11:00:00,A,PC,TOTAL,T,Y18-64,EL,2011,3.2,
ESTAT:TRNG_LFS_05$DEFAULTVIEW(1.0),09/03/22 11:00:00,A,PC,TOTAL,T,Y18-64,EL,2012,4.4,
ESTAT:TRNG_LFS_05$DEFAULTVIEW(1.0),09/03/22 11:00:00,A,PC,TOTAL,T,Y18-64,EL,2013,4.5,
ESTAT:TRNG_LFS_05$DEFAULTVIEW(1.0),09/03/22 11:00:00,A,PC,TOTAL,T,Y18-64,EL,2014,4.5,
ESTAT:TRNG_LFS_05$DEFAULTVIEW(1.0),09/03/22 11:00:00,A,PC,TOTAL,T,Y18-64,EL,2015,4.6,
ESTAT:TRNG_LFS_05$DEFAULTVIEW(1.0),09/03/22 11:00:00,A,PC,TOTAL,T,Y18-64,EL,2016,5.7,
ESTAT:TRNG_LFS_05$DEFAULTVIEW(1.0),09/03/22 11:00:00,A,PC,TOTAL,T,Y18-64,EL,2017,6.4,
ESTAT:TRNG_LFS_05$DEFAULTVIEW(1.0),09/03/22 11:00:00,A,PC,TOTAL,T,Y18-64,EL,2018,6.3,
ESTAT:TRNG_LFS_05$DEFAULTVIEW(1.0),09/03/22 11:00:00,A,PC,TOTAL,T,Y18-64,EL,2019,5.4,
ESTAT:TRNG_LFS_05$DEFAULTVIEW(1.0),09/03/22 11:00:00,A,PC,TOTAL,T,Y18-64,EL,2020,5.4,
ESTAT:TRNG_LFS_05$DEFAULTVIEW(1.0),09/03/22 11:00:00,A,PC,TOTAL,T,Y18-64,ES,2011,13.0,
ESTAT:TRNG_LFS_05$DEFAULTVIEW(1.0),09/03/22 11:00:00,A,PC,TOTAL,T,Y18-64,ES,2012,13.2,
ESTAT:TRNG_LFS_05$DEFAULTVIEW(1.0),09/03/22 11:00:00,A,PC,TOTAL,T,Y18-64,ES,2013,13.5,
ESTAT:TRNG_LFS_05$DEFAULTVIEW(1.0),09/03/22 11:00:00,A,PC,TOTAL,T,Y18-64,ES,2014,12.2,b
ESTAT:TRNG_LFS_05$DEFAULTVIEW(1.0),09/03/22 11:00:00,A,PC,TOTAL,T,Y18-64,ES,2015,12.0,
ESTAT:TRNG_LFS_05$DEFAULTVIEW(1.0),09/03/22 11:00:00,A,PC,TOTAL,T,Y18-64,ES,2016,11.3,
ESTAT:TRNG_LFS_05$DEFAULTVIEW(1.0),09/03/22 11:00:00,A,PC,TOTAL,T,Y18-64,ES,2017,11.9,
ESTAT:TRNG_LFS_05$DEFAULTVIEW(1.0),09/03/22 11:00:00,A,PC,TOTAL,T,Y18-64,ES,2018,12.6,
ESTAT:TRNG_LFS_05$DEFAULTVIEW(1.0),09/03/22 11:00:00,A,PC,TOTAL,T,Y18-64,ES,2019,12.5,
ESTAT:TRNG_LFS_05$DEFAULTVIEW(1.0),09/03/22 11:00:00,A,PC,TOTAL,T,Y18-64,ES,2020,13.0,
ESTAT:TRNG_LFS_05$DEFAULTVIEW(1.0),09/03/22 11:00:00,A,PC,TOTAL,T,Y18-64,EU15,2011,14.1,
ESTAT:TRNG_LFS_05$DEFAULTVIEW(1.0),09/03/22 11:00:00,A,PC,TOTAL,T,Y18-64,EU15,2012,14.4,
ESTAT:TRNG_LFS_05$DEFAULTVIEW(1.0),09/03/22 11:00:00,A,PC,TOTAL,T,Y18-64,EU15,2013,16.7,b
ESTAT:TRNG_LFS_05$DEFAULTVIEW(1.0),09/03/22 11:00:00,A,PC,TOTAL,T,Y18-64,EU15,2014,17.0,
ESTAT:TRNG_LFS_05$DEFAULTVIEW(1.0),09/03/22 11:00:00,A,PC,TOTAL,T,Y18-64,EU15,2015,16.7,
ESTAT:TRNG_LFS_05$DEFAULTVIEW(1.0),09/03/22 11:00:00,A,PC,TOTAL,T,Y18-64,EU15,2016,16.6,
ESTAT:TRNG_LFS_05$DEFAULTVIEW(1.0),09/03/22 11:00:00,A,PC,TOTAL,T,Y18-64,EU15,2017,16.7,
ESTAT:TRNG_LFS_05$DEFAULTVIEW(1.0),09/03/22 11:00:00,A,PC,TOTAL,T,Y18-64,EU15,2018,16.7,
ESTAT:TRNG_LFS_05$DEFAULTVIEW(1.0),09/03/22 11:00:00,A,PC,TOTAL,T,Y18-64,EU15,2019,17.1,
ESTAT:TRNG_LFS_05$DEFAULTVIEW(1.0),09/03/22 11:00:00,A,PC,TOTAL,T,Y18-64,EU27_2020,2011,11.5,
ESTAT:TRNG_LFS_05$DEFAULTVIEW(1.0),09/03/22 11:00:00,A,PC,TOTAL,T,Y18-64,EU27_2020,2012,11.6,
ESTAT:TRNG_LFS_05$DEFAULTVIEW(1.0),09/03/22 11:00:00,A,PC,TOTAL,T,Y18-64,EU27_2020,2013,13.7,b
ESTAT:TRNG_LFS_05$DEFAULTVIEW(1.0),09/03/22 11:00:00,A,PC,TOTAL,T,Y18-64,EU27_2020,2014,13.8,
ESTAT:TRNG_LFS_05$DEFAULTVIEW(1.0),09/03/22 11:00:00,A,PC,TOTAL,T,Y18-64,EU27_2020,2015,13.7,
ESTAT:TRNG_LFS_05$DEFAULTVIEW(1.0),09/03/22 11:00:00,A,PC,TOTAL,T,Y18-64,EU27_2020,2016,13.8,
ESTAT:TRNG_LFS_05$DEFAULTVIEW(1.0),09/03/22 11:00:00,A,PC,TOTAL,T,Y18-64,EU27_2020,2017,13.9,
ESTAT:TRNG_LFS_05$DEFAULTVIEW(1.0),09/03/22 11:00:00,A,PC,TOTAL,T,Y18-64,EU27_2020,2018,14.1,
ESTAT:TRNG_LFS_05$DEFAULTVIEW(1.0),09/03/22 11:00:00,A,PC,TOTAL,T,Y18-64,EU27_2020,2019,14.3,
ESTAT:TRNG_LFS_05$DEFAULTVIEW(1.0),09/03/22 11:00:00,A,PC,TOTAL,T,Y18-64,EU27_2020,2020,12.3,
ESTAT:TRNG_LFS_05$DEFAULTVIEW(1.0),09/03/22 11:00:00,A,PC,TOTAL,T,Y18-64,EU28,2011,12.8,
ESTAT:TRNG_LFS_05$DEFAULTVIEW(1.0),09/03/22 11:00:00,A,PC,TOTAL,T,Y18-64,EU28,2012,12.9,
ESTAT:TRNG_LFS_05$DEFAULTVIEW(1.0),09/03/22 11:00:00,A,PC,TOTAL,T,Y18-64,EU28,2013,14.7,b
ESTAT:TRNG_LFS_05$DEFAULTVIEW(1.0),09/03/22 11:00:00,A,PC,TOTAL,T,Y18-64,EU28,2014,14.8,
ESTAT:TRNG_LFS_05$DEFAULTVIEW(1.0),09/03/22 11:00:00,A,PC,TOTAL,T,Y18-64,EU28,2015,14.6,
ESTAT:TRNG_LFS_05$DEFAULTVIEW(1.0),09/03/22 11:00:00,A,PC,TOTAL,T,Y18-64,EU28,2016,14.6,
ESTAT:TRNG_LFS_05$DEFAULTVIEW(1.0),09/03/22 11:00:00,A,PC,TOTAL,T,Y18-64,EU28,2017,14.6,
ESTAT:TRNG_LFS_05$DEFAULTVIEW(1.0),09/03/22 11:00:00,A,PC,TOTAL,T,Y18-64,EU28,2018,14.8,
ESTAT:TRNG_LFS_05$DEFAULTVIEW(1.0),09/03/22 11:00:00,A,PC,TOTAL,T,Y18-64,EU28,2019,15.1,
ESTAT:TRNG_LFS_05$DEFAULTVIEW(1.0),09/03/22 11:00:00,A,PC,TOTAL,T,Y18-64,FI,2011,29.4,
ESTAT:TRNG_LFS_05$DEFAULTVIEW(1.0),09/03/22 11:00:00,A,PC,TOTAL,T,Y18-64,FI,2012,30.3,
ESTAT:TRNG_LFS_05$DEFAULTVIEW(1.0),09/03/22 11:00:00,A,PC,TOTAL,T,Y18-64,FI,2013,30.5,
ESTAT:TRNG_LFS_05$DEFAULTVIEW(1.0),09/03/22 11:00:00,A,PC,TOTAL,T,Y18-64,FI,2014,30.7,
ESTAT:TRNG_LFS_05$DEFAULTVIEW(1.0),09/03/22 11:00:00,A,PC,TOTAL,T,Y18-64,FI,2015,30.5,
ESTAT:TRNG_LFS_05$DEFAULTVIEW(1.0),09/03/22 11:00:00,A,PC,TOTAL,T,Y18-64,FI,2016,31.4,
ESTAT:TRNG_LFS_05$DEFAULTVIEW(1.0),09/03/22 11:00:00,A,PC,TOTAL,T,Y18-64,FI,2017,32.2,
ESTAT:TRNG_LFS_05$DEFAULTVIEW(1.0),09/03/22 11:00:00,A,PC,TOTAL,T,Y18-64,FI,2018,33.1,
ESTAT:TRNG_LFS_05$DEFAULTVIEW(1.0),09/03/22 11:00:00,A,PC,TOTAL,T,Y18-64,FI,2019,33.4,
ESTAT:TRNG_LFS_05$DEFAULTVIEW(1.0),09/03/22 11:00:00,A,PC,TOTAL,T,Y18-64,FI,2020,31.0,
ESTAT:TRNG_LFS_05$DEFAULTVIEW(1.0),09/03/22 11:00:00,A,PC,TOTAL,T,Y18-64,FR,2011,8.2,
ESTAT:TRNG_LFS_05$DEFAULTVIEW(1.0),09/03/22 11:00:00,A,PC,TOTAL,T,Y18-64,FR,2012,8.4,
ESTAT:TRNG_LFS_05$DEFAULTVIEW(1.0),09/03/22 11:00:00,A,PC,TOTAL,T,Y18-64,FR,2013,22.3,b
ESTAT:TRNG_LFS_05$DEFAULTVIEW(1.0),09/03/22 11:00:00,A,PC,TOTAL,T,Y18-64,FR,2014,23.0,b
ESTAT:TRNG_LFS_05$DEFAULTVIEW(1.0),09/03/22 11:00:00,A,PC,TOTAL,T,Y18-64,FR,2015,23.1,
ESTAT:TRNG_LFS_05$DEFAULTVIEW(1.0),09/03/22 11:00:00,A,PC,TOTAL,T,Y18-64,FR,2016,23.3,
ESTAT:TRNG_LFS_05$DEFAULTVIEW(1.0),09/03/22 11:00:00,A,PC,TOTAL,T,Y18-64,FR,2017,23.0,
ESTAT:TRNG_LFS_05$DEFAULTVIEW(1.0),09/03/22 11:00:00,A,PC,TOTAL,T,Y18-64,FR,2018,22.8,
ESTAT:TRNG_LFS_05$DEFAULTVIEW(1.0),09/03/22 11:00:00,A,PC,TOTAL,T,Y18-64,FR,2019,24.0,
ESTAT:TRNG_LFS_05$DEFAULTVIEW(1.0),09/03/22 11:00:00,A,PC,TOTAL,T,Y18-64,FR,2020,16.8,
ESTAT:TRNG_LFS_05$DEFAULTVIEW(1.0),09/03/22 11:00:00,A,PC,TOTAL,T,Y18-64,HR,2011,2.7,
ESTAT:TRNG_LFS_05$DEFAULTVIEW(1.0),09/03/22 11:00:00,A,PC,TOTAL,T,Y18-64,HR,2012,2.7,
ESTAT:TRNG_LFS_05$DEFAULTVIEW(1.0),09/03/22 11:00:00,A,PC,TOTAL,T,Y18-64,HR,2013,3.0,
ESTAT:TRNG_LFS_05$DEFAULTVIEW(1.0),09/03/22 11:00:00,A,PC,TOTAL,T,Y18-64,HR,2014,3.1,
ESTAT:TRNG_LFS_05$DEFAULTVIEW(1.0),09/03/22 11:00:00,A,PC,TOTAL,T,Y18-64,HR,2015,3.5,
ESTAT:TRNG_LFS_05$DEFAULTVIEW(1.0),09/03/22 11:00:00,A,PC,TOTAL,T,Y18-64,HR,2016,3.9,
ESTAT:TRNG_LFS_05$DEFAULTVIEW(1.0),09/03/22 11:00:00,A,PC,TOTAL,T,Y18-64,HR,2017,2.9,
ESTAT:TRNG_LFS_05$DEFAULTVIEW(1.0),09/03/22 11:00:00,A,PC,TOTAL,T,Y18-64,HR,2018,3.7,
ESTAT:TRNG_LFS_05$DEFAULTVIEW(1.0),09/03/22 11:00:00,A,PC,TOTAL,T,Y18-64,HR,2019,4.2,
ESTAT:TRNG_LFS_05$DEFAULTVIEW(1.0),09/03/22 11:00:00,A,PC,TOTAL,T,Y18-64,HR,2020,3.7,
ESTAT:TRNG_LFS_05$DEFAULTVIEW(1.0),09/03/22 11:00:00,A,PC,TOTAL,T,Y18-64,HU,2011,3.3,
ESTAT:TRNG_LFS_05$DEFAULTVIEW(1.0),09/03/22 11:00:00,A,PC,TOTAL,T,Y18-64,HU,2012,3.4,
ESTAT:TRNG_LFS_05$DEFAULTVIEW(1.0),09/03/22 11:00:00,A,PC,TOTAL,T,Y18-64,HU,2013,3.7,
ESTAT:TRNG_LFS_05$DEFAULTVIEW(1.0),09/03/22 11:00:00,A,PC,TOTAL,T,Y18-64,HU,2014,3.6,
ESTAT:TRNG_LFS_05$DEFAULTVIEW(1.0),09/03/22 11:00:00,A,PC,TOTAL,T,Y18-64,HU,2015,9.6,b
ESTAT:TRNG_LFS_05$DEFAULTVIEW(1.0),09/03/22 11:00:00,A,PC,TOTAL,T,Y18-64,HU,2016,8.5,
ESTAT:TRNG_LFS_05$DEFAULTVIEW(1.0),09/03/22 11:00:00,A,PC,TOTAL,T,Y18-64,HU,2017,7.9,
ESTAT:TRNG_LFS_05$DEFAULTVIEW(1.0),09/03/22 11:00:00,A,PC,TOTAL,T,Y18-64,HU,2018,7.5,
ESTAT:TRNG_LFS_05$DEFAULTVIEW(1.0),09/03/22 11:00:00,A,PC,TOTAL,T,Y18-64,HU,2019,7.3,
ESTAT:TRNG_LFS_05$DEFAULTVIEW(1.0),09/03/22 11:00:00,A,PC,TOTAL,T,Y18-64,HU,2020,6.4,
ESTAT:TRNG_LFS_05$DEFAULTVIEW(1.0),09/03/22 11:00:00,A,PC,TOTAL,T,Y18-64,IE,2011,10.0,
ESTAT:TRNG_LFS_05$DEFAULTVIEW(1.0),09/03/22 11:00:00,A,PC,TOTAL,T,Y18-64,IE,2012,10.3,
ESTAT:TRNG_LFS_05$DEFAULTVIEW(1.0),09/03/22 11:00:00,A,PC,TOTAL,T,Y18-64,IE,2013,10.0,
ESTAT:TRNG_LFS_05$DEFAULTVIEW(1.0),09/03/22 11:00:00,A,PC,TOTAL,T,Y18-64,IE,2014,9.4,
ESTAT:TRNG_LFS_05$DEFAULTVIEW(1.0),09/03/22 11:00:00,A,PC,TOTAL,T,Y18-64,IE,2015,8.6,
ESTAT:TRNG_LFS_05$DEFAULTVIEW(1.0),09/03/22 11:00:00,A,PC,TOTAL,T,Y18-64,IE,2016,8.8,
ESTAT:TRNG_LFS_05$DEFAULTVIEW(1.0),09/03/22 11:00:00,A,PC,TOTAL,T,Y18-64,IE,2017,12.1,b
ESTAT:TRNG_LFS_05$DEFAULTVIEW(1.0),09/03/22 11:00:00,A,PC,TOTAL,T,Y18-64,IE,2018,16.4,
ESTAT:TRNG_LFS_05$DEFAULTVIEW(1.0),09/03/22 11:00:00,A,PC,TOTAL,T,Y18-64,IE,2019,17.2,
ESTAT:TRNG_LFS_05$DEFAULTVIEW(1.0),09/03/22 11:00:00,A,PC,TOTAL,T,Y18-64,IE,2020,15.2,
ESTAT:TRNG_LFS_05$DEFAULTVIEW(1.0),09/03/22 11:00:00,A,PC,TOTAL,T,Y18-64,IS,2011,31.1,
ESTAT:TRNG_LFS_05$DEFAULTVIEW(1.0),09/03/22 11:00:00,A,PC,TOTAL,T,Y18-64,IS,2012,33.9,
ESTAT:TRNG_LFS_05$DEFAULTVIEW(1.0),09/03/22 11:00:00,A,PC,TOTAL,T,Y18-64,IS,2013,31.7,
ESTAT:TRNG_LFS_05$DEFAULTVIEW(1.0),09/03/22 11:00:00,A,PC,TOTAL,T,Y18-64,IS,2014,31.7,
ESTAT:TRNG_LFS_05$DEFAULTVIEW(1.0),09/03/22 11:00:00,A,PC,TOTAL,T,Y18-64,IS,2015,33.8,
ESTAT:TRNG_LFS_05$DEFAULTVIEW(1.0),09/03/22 11:00:00,A,PC,TOTAL,T,Y18-64,IS,2016,30.4,
ESTAT:TRNG_LFS_05$DEFAULTVIEW(1.0),09/03/22 11:00:00,A,PC,TOTAL,T,Y18-64,IS,2017,29.1,
ESTAT:TRNG_LFS_05$DEFAULTVIEW(1.0),09/03/22 11:00:00,A,PC,TOTAL,T,Y18-64,IS,2018,26.8,
ESTAT:TRNG_LFS_05$DEFAULTVIEW(1.0),09/03/22 11:00:00,A,PC,TOTAL,T,Y18-64,IS,2019,27.8,
ESTAT:TRNG_LFS_05$DEFAULTVIEW(1.0),09/03/22 11:00:00,A,PC,TOTAL,T,Y18-64,IS,2020,26.1,b
ESTAT:TRNG_LFS_05$DEFAULTVIEW(1.0),09/03/22 11:00:00,A,PC,TOTAL,T,Y18-64,IT,2011,5.9,
ESTAT:TRNG_LFS_05$DEFAULTVIEW(1.0),09/03/22 11:00:00,A,PC,TOTAL,T,Y18-64,IT,2012,7.0,
ESTAT:TRNG_LFS_05$DEFAULTVIEW(1.0),09/03/22 11:00:00,A,PC,TOTAL,T,Y18-64,IT,2013,6.4,
ESTAT:TRNG_LFS_05$DEFAULTVIEW(1.0),09/03/22 11:00:00,A,PC,TOTAL,T,Y18-64,IT,2014,9.0,
ESTAT:TRNG_LFS_05$DEFAULTVIEW(1.0),09/03/22 11:00:00,A,PC,TOTAL,T,Y18-64,IT,2015,7.8,
ESTAT:TRNG_LFS_05$DEFAULTVIEW(1.0),09/03/22 11:00:00,A,PC,TOTAL,T,Y18-64,IT,2016,9.3,
ESTAT:TRNG_LFS_05$DEFAULTVIEW(1.0),09/03/22 11:00:00,A,PC,TOTAL,T,Y18-64,IT,2017,8.9,
ESTAT:TRNG_LFS_05$DEFAULTVIEW(1.0),09/03/22 11:00:00,A,PC,TOTAL,T,Y18-64,IT,2018,9.0,
ESTAT:TRNG_LFS_05$DEFAULTVIEW(1.0),09/03/22 11:00:00,A,PC,TOTAL,T,Y18-64,IT,2019,9.1,
ESTAT:TRNG_LFS_05$DEFAULTVIEW(1.0),09/03/22 11:00:00,A,PC,TOTAL,T,Y18-64,IT,2020,8.0,
ESTAT:TRNG_LFS_05$DEFAULTVIEW(1.0),09/03/22 11:00:00,A,PC,TOTAL,T,Y18-64,LT,2011,9.4,
ESTAT:TRNG_LFS_05$DEFAULTVIEW(1.0),09/03/22 11:00:00,A,PC,TOTAL,T,Y18-64,LT,2012,8.7,
ESTAT:TRNG_LFS_05$DEFAULTVIEW(1.0),09/03/22 11:00:00,A,PC,TOTAL,T,Y18-64,LT,2013,9.4,
ESTAT:TRNG_LFS_05$DEFAULTVIEW(1.0),09/03/22 11:00:00,A,PC,TOTAL,T,Y18-64,LT,2014,8.8,
ESTAT:TRNG_LFS_05$DEFAULTVIEW(1.0),09/03/22 11:00:00,A,PC,TOTAL,T,Y18-64,LT,2015,9.2,
ESTAT:TRNG_LFS_05$DEFAULTVIEW(1.0),09/03/22 11:00:00,A,PC,TOTAL,T,Y18-64,LT,2016,9.4,
ESTAT:TRNG_LFS_05$DEFAULTVIEW(1.0),09/03/22 11:00:00,A,PC,TOTAL,T,Y18-64,LT,2017,9.2,
ESTAT:TRNG_LFS_05$DEFAULTVIEW(1.0),09/03/22 11:00:00,A,PC,TOTAL,T,Y18-64,LT,2018,10.2,
ESTAT:TRNG_LFS_05$DEFAULTVIEW(1.0),09/03/22 11:00:00,A,PC,TOTAL,T,Y18-64,LT,2019,10.7,
ESTAT:TRNG_LFS_05$DEFAULTVIEW(1.0),09/03/22 11:00:00,A,PC,TOTAL,T,Y18-64,LT,2020,10.5,
ESTAT:TRNG_LFS_05$DEFAULTVIEW(1.0),09/03/22 11:00:00,A,PC,TOTAL,T,Y18-64,LU,2011,16.4,
ESTAT:TRNG_LFS_05$DEFAULTVIEW(1.0),09/03/22 11:00:00,A,PC,TOTAL,T,Y18-64,LU,2012,16.2,
ESTAT:TRNG_LFS_05$DEFAULTVIEW(1.0),09/03/22 11:00:00,A,PC,TOTAL,T,Y18-64,LU,2013,16.4,
ESTAT:TRNG_LFS_05$DEFAULTVIEW(1.0),09/03/22 11:00:00,A,PC,TOTAL,T,Y18-64,LU,2014,16.7,
ESTAT:TRNG_LFS_05$DEFAULTVIEW(1.0),09/03/22 11:00:00,A,PC,TOTAL,T,Y18-64,LU,2015,21.7,b
ESTAT:TRNG_LFS_05$DEFAULTVIEW(1.0),09/03/22 11:00:00,A,PC,TOTAL,T,Y18-64,LU,2016,19.9,
ESTAT:TRNG_LFS_05$DEFAULTVIEW(1.0),09/03/22 11:00:00,A,PC,TOTAL,T,Y18-64,LU,2017,20.6,
ESTAT:TRNG_LFS_05$DEFAULTVIEW(1.0),09/03/22 11:00:00,A,PC,TOTAL,T,Y18-64,LU,2018,20.9,
ESTAT:TRNG_LFS_05$DEFAULTVIEW(1.0),09/03/22 11:00:00,A,PC,TOTAL,T,Y18-64,LU,2019,22.2,
ESTAT:TRNG_LFS_05$DEFAULTVIEW(1.0),09/03/22 11:00:00,A,PC,TOTAL,T,Y18-64,LU,2020,18.2,
ESTAT:TRNG_LFS_05$DEFAULTVIEW(1.0),09/03/22 11:00:00,A,PC,TOTAL,T,Y18-64,LV,2011,8.9,
ESTAT:TRNG_LFS_05$DEFAULTVIEW(1.0),09/03/22 11:00:00,A,PC,TOTAL,T,Y18-64,LV,2012,10.2,
ESTAT:TRNG_LFS_05$DEFAULTVIEW(1.0),09/03/22 11:00:00,A,PC,TOTAL,T,Y18-64,LV,2013,9.3,
ESTAT:TRNG_LFS_05$DEFAULTVIEW(1.0),09/03/22 11:00:00,A,PC,TOTAL,T,Y18-64,LV,2014,8.3,
ESTAT:TRNG_LFS_05$DEFAULTVIEW(1.0),09/03/22 11:00:00,A,PC,TOTAL,T,Y18-64,LV,2015,8.2,
ESTAT:TRNG_LFS_05$DEFAULTVIEW(1.0),09/03/22 11:00:00,A,PC,TOTAL,T,Y18-64,LV,2016,9.6,
ESTAT:TRNG_LFS_05$DEFAULTVIEW(1.0),09/03/22 11:00:00,A,PC,TOTAL,T,Y18-64,LV,2017,10.0,
ESTAT:TRNG_LFS_05$DEFAULTVIEW(1.0),09/03/22 11:00:00,A,PC,TOTAL,T,Y18-64,LV,2018,8.3,
ESTAT:TRNG_LFS_05$DEFAULTVIEW(1.0),09/03/22 11:00:00,A,PC,TOTAL,T,Y18-64,LV,2019,9.9,
ESTAT:TRNG_LFS_05$DEFAULTVIEW(1.0),09/03/22 11:00:00,A,PC,TOTAL,T,Y18-64,LV,2020,8.6,
ESTAT:TRNG_LFS_05$DEFAULTVIEW(1.0),09/03/22 11:00:00,A,PC,TOTAL,T,Y18-64,ME,2011,1.0,u
ESTAT:TRNG_LFS_05$DEFAULTVIEW(1.0),09/03/22 11:00:00,A,PC,TOTAL,T,Y18-64,ME,2012,2.2,
ESTAT:TRNG_LFS_05$DEFAULTVIEW(1.0),09/03/22 11:00:00,A,PC,TOTAL,T,Y18-64,ME,2013,3.4,
ESTAT:TRNG_LFS_05$DEFAULTVIEW(1.0),09/03/22 11:00:00,A,PC,TOTAL,T,Y18-64,ME,2014,4.0,
ESTAT:TRNG_LFS_05$DEFAULTVIEW(1.0),09/03/22 11:00:00,A,PC,TOTAL,T,Y18-64,ME,2015,4.7,
ESTAT:TRNG_LFS_05$DEFAULTVIEW(1.0),09/03/22 11:00:00,A,PC,TOTAL,T,Y18-64,ME,2016,4.6,
ESTAT:TRNG_LFS_05$DEFAULTVIEW(1.0),09/03/22 11:00:00,A,PC,TOTAL,T,Y18-64,ME,2017,3.5,
ESTAT:TRNG_LFS_05$DEFAULTVIEW(1.0),09/03/22 11:00:00,A,PC,TOTAL,T,Y18-64,ME,2018,4.4,
ESTAT:TRNG_LFS_05$DEFAULTVIEW(1.0),09/03/22 11:00:00,A,PC,TOTAL,T,Y18-64,ME,2019,3.9,
ESTAT:TRNG_LFS_05$DEFAULTVIEW(1.0),09/03/22 11:00:00,A,PC,TOTAL,T,Y18-64,ME,2020,2.6,
ESTAT:TRNG_LFS_05$DEFAULTVIEW(1.0),09/03/22 11:00:00,A,PC,TOTAL,T,Y18-64,MK,2011,5.1,
ESTAT:TRNG_LFS_05$DEFAULTVIEW(1.0),09/03/22 11:00:00,A,PC,TOTAL,T,Y18-64,MK,2012,6.1,
ESTAT:TRNG_LFS_05$DEFAULTVIEW(1.0),09/03/22 11:00:00,A,PC,TOTAL,T,Y18-64,MK,2013,4.8,
ESTAT:TRNG_LFS_05$DEFAULTVIEW(1.0),09/03/22 11:00:00,A,PC,TOTAL,T,Y18-64,MK,2014,4.3,
ESTAT:TRNG_LFS_05$DEFAULTVIEW(1.0),09/03/22 11:00:00,A,PC,TOTAL,T,Y18-64,MK,2015,3.7,
ESTAT:TRNG_LFS_05$DEFAULTVIEW(1.0),09/03/22 11:00:00,A,PC,TOTAL,T,Y18-64,MK,2016,3.7,
ESTAT:TRNG_LFS_05$DEFAULTVIEW(1.0),09/03/22 11:00:00,A,PC,TOTAL,T,Y18-64,MK,2017,2.8,
ESTAT:TRNG_LFS_05$DEFAULTVIEW(1.0),09/03/22 11:00:00,A,PC,TOTAL,T,Y18-64,MK,2018,2.7,
ESTAT:TRNG_LFS_05$DEFAULTVIEW(1.0),09/03/22 11:00:00,A,PC,TOTAL,T,Y18-64,MK,2019,3.2,
ESTAT:TRNG_LFS_05$DEFAULTVIEW(1.0),09/03/22 11:00:00,A,PC,TOTAL,T,Y18-64,MK,2020,3.2,
ESTAT:TRNG_LFS_05$DEFAULTVIEW(1.0),09/03/22 11:00:00,A,PC,TOTAL,T,Y18-64,MT,2011,10.6,
ESTAT:TRNG_LFS_05$DEFAULTVIEW(1.0),09/03/22 11:00:00,A,PC,TOTAL,T,Y18-64,MT,2012,12.0,
ESTAT:TRNG_LFS_05$DEFAULTVIEW(1.0),09/03/22 11:00:00,A,PC,TOTAL,T,Y18-64,MT,2013,12.8,
ESTAT:TRNG_LFS_05$DEFAULTVIEW(1.0),09/03/22 11:00:00,A,PC,TOTAL,T,Y18-64,MT,2014,12.3,
ESTAT:TRNG_LFS_05$DEFAULTVIEW(1.0),09/03/22 11:00:00,A,PC,TOTAL,T,Y18-64,MT,2015,11.0,
ESTAT:TRNG_LFS_05$DEFAULTVIEW(1.0),09/03/22 11:00:00,A,PC,TOTAL,T,Y18-64,MT,2016,11.4,
ESTAT:TRNG_LFS_05$DEFAULTVIEW(1.0),09/03/22 11:00:00,A,PC,TOTAL,T,Y18-64,MT,2017,15.5,b
ESTAT:TRNG_LFS_05$DEFAULTVIEW(1.0),09/03/22 11:00:00,A,PC,TOTAL,T,Y18-64,MT,2018,15.7,
ESTAT:TRNG_LFS_05$DEFAULTVIEW(1.0),09/03/22 11:00:00,A,PC,TOTAL,T,Y18-64,MT,2019,16.8,
ESTAT:TRNG_LFS_05$DEFAULTVIEW(1.0),09/03/22 11:00:00,A,PC,TOTAL,T,Y18-64,MT,2020,16.3,
ESTAT:TRNG_LFS_05$DEFAULTVIEW(1.0),09/03/22 11:00:00,A,PC,TOTAL,T,Y18-64,NL,2011,26.0,b
ESTAT:TRNG_LFS_05$DEFAULTVIEW(1.0),09/03/22 11:00:00,A,PC,TOTAL,T,Y18-64,NL,2012,25.8,
ESTAT:TRNG_LFS_05$DEFAULTVIEW(1.0),09/03/22 11:00:00,A,PC,TOTAL,T,Y18-64,NL,2013,27.0,b
ESTAT:TRNG_LFS_05$DEFAULTVIEW(1.0),09/03/22 11:00:00,A,PC,TOTAL,T,Y18-64,NL,2014,27.3,
ESTAT:TRNG_LFS_05$DEFAULTVIEW(1.0),09/03/22 11:00:00,A,PC,TOTAL,T,Y18-64,NL,2015,27.9,
ESTAT:TRNG_LFS_05$DEFAULTVIEW(1.0),09/03/22 11:00:00,A,PC,TOTAL,T,Y18-64,NL,2016,27.7,
ESTAT:TRNG_LFS_05$DEFAULTVIEW(1.0),09/03/22 11:00:00,A,PC,TOTAL,T,Y18-64,NL,2017,28.0,
ESTAT:TRNG_LFS_05$DEFAULTVIEW(1.0),09/03/22 11:00:00,A,PC,TOTAL,T,Y18-64,NL,2018,27.8,
ESTAT:TRNG_LFS_05$DEFAULTVIEW(1.0),09/03/22 11:00:00,A,PC,TOTAL,T,Y18-64,NL,2019,28.3,
ESTAT:TRNG_LFS_05$DEFAULTVIEW(1.0),09/03/22 11:00:00,A,PC,TOTAL,T,Y18-64,NL,2020,27.0,
ESTAT:TRNG_LFS_05$DEFAULTVIEW(1.0),09/03/22 11:00:00,A,PC,TOTAL,T,Y18-64,NO,2011,23.8,
ESTAT:TRNG_LFS_05$DEFAULTVIEW(1.0),09/03/22 11:00:00,A,PC,TOTAL,T,Y18-64,NO,2012,25.7,
ESTAT:TRNG_LFS_05$DEFAULTVIEW(1.0),09/03/22 11:00:00,A,PC,TOTAL,T,Y18-64,NO,2013,26.1,
ESTAT:TRNG_LFS_05$DEFAULTVIEW(1.0),09/03/22 11:00:00,A,PC,TOTAL,T,Y18-64,NO,2014,25.1,
ESTAT:TRNG_LFS_05$DEFAULTVIEW(1.0),09/03/22 11:00:00,A,PC,TOTAL,T,Y18-64,NO,2015,25.3,
ESTAT:TRNG_LFS_05$DEFAULTVIEW(1.0),09/03/22 11:00:00,A,PC,TOTAL,T,Y18-64,NO,2016,24.8,
ESTAT:TRNG_LFS_05$DEFAULTVIEW(1.0),09/03/22 11:00:00,A,PC,TOTAL,T,Y18-64,NO,2017,25.3,
ESTAT:TRNG_LFS_05$DEFAULTVIEW(1.0),09/03/22 11:00:00,A,PC,TOTAL,T,Y18-64,NO,2018,24.8,
ESTAT:TRNG_LFS_05$DEFAULTVIEW(1.0),09/03/22 11:00:00,A,PC,TOTAL,T,Y18-64,NO,2019,24.5,
ESTAT:TRNG_LFS_05$DEFAULTVIEW(1.0),09/03/22 11:00:00,A,PC,TOTAL,T,Y18-64,NO,2020,21.0,
ESTAT:TRNG_LFS_05$DEFAULTVIEW(1.0),09/03/22 11:00:00,A,PC,TOTAL,T,Y18-64,PL,2011,8.2,
ESTAT:TRNG_LFS_05$DEFAULTVIEW(1.0),09/03/22 11:00:00,A,PC,TOTAL,T,Y18-64,PL,2012,8.3,
ESTAT:TRNG_LFS_05$DEFAULTVIEW(1.0),09/03/22 11:00:00,A,PC,TOTAL,T,Y18-64,PL,2013,7.8,b
ESTAT:TRNG_LFS_05$DEFAULTVIEW(1.0),09/03/22 11:00:00,A,PC,TOTAL,T,Y18-64,PL,2014,7.0,
ESTAT:TRNG_LFS_05$DEFAULTVIEW(1.0),09/03/22 11:00:00,A,PC,TOTAL,T,Y18-64,PL,2015,6.2,
ESTAT:TRNG_LFS_05$DEFAULTVIEW(1.0),09/03/22 11:00:00,A,PC,TOTAL,T,Y18-64,PL,2016,6.3,
ESTAT:TRNG_LFS_05$DEFAULTVIEW(1.0),09/03/22 11:00:00,A,PC,TOTAL,T,Y18-64,PL,2017,6.4,
ESTAT:TRNG_LFS_05$DEFAULTVIEW(1.0),09/03/22 11:00:00,A,PC,TOTAL,T,Y18-64,PL,2018,8.9,b
ESTAT:TRNG_LFS_05$DEFAULTVIEW(1.0),09/03/22 11:00:00,A,PC,TOTAL,T,Y18-64,PL,2019,7.6,
ESTAT:TRNG_LFS_05$DEFAULTVIEW(1.0),09/03/22 11:00:00,A,PC,TOTAL,T,Y18-64,PL,2020,5.9,
ESTAT:TRNG_LFS_05$DEFAULTVIEW(1.0),09/03/22 11:00:00,A,PC,TOTAL,T,Y18-64,PT,2011,13.1,b
ESTAT:TRNG_LFS_05$DEFAULTVIEW(1.0),09/03/22 11:00:00,A,PC,TOTAL,T,Y18-64,PT,2012,12.1,
ESTAT:TRNG_LFS_05$DEFAULTVIEW(1.0),09/03/22 11:00:00,A,PC,TOTAL,T,Y18-64,PT,2013,11.1,
ESTAT:TRNG_LFS_05$DEFAULTVIEW(1.0),09/03/22 11:00:00,A,PC,TOTAL,T,Y18-64,PT,2014,11.1,
ESTAT:TRNG_LFS_05$DEFAULTVIEW(1.0),09/03/22 11:00:00,A,PC,TOTAL,T,Y18-64,PT,2015,11.3,
ESTAT:TRNG_LFS_05$DEFAULTVIEW(1.0),09/03/22 11:00:00,A,PC,TOTAL,T,Y18-64,PT,2016,11.3,
ESTAT:TRNG_LFS_05$DEFAULTVIEW(1.0),09/03/22 11:00:00,A,PC,TOTAL,T,Y18-64,PT,2017,11.4,
ESTAT:TRNG_LFS_05$DEFAULTVIEW(1.0),09/03/22 11:00:00,A,PC,TOTAL,T,Y18-64,PT,2018,11.8,
ESTAT:TRNG_LFS_05$DEFAULTVIEW(1.0),09/03/22 11:00:00,A,PC,TOTAL,T,Y18-64,PT,2019,12.1,
ESTAT:TRNG_LFS_05$DEFAULTVIEW(1.0),09/03/22 11:00:00,A,PC,TOTAL,T,Y18-64,PT,2020,11.4,
ESTAT:TRNG_LFS_05$DEFAULTVIEW(1.0),09/03/22 11:00:00,A,PC,TOTAL,T,Y18-64,RO,2011,2.3,
ESTAT:TRNG_LFS_05$DEFAULTVIEW(1.0),09/03/22 11:00:00,A,PC,TOTAL,T,Y18-64,RO,2012,1.8,
ESTAT:TRNG_LFS_05$DEFAULTVIEW(1.0),09/03/22 11:00:00,A,PC,TOTAL,T,Y18-64,RO,2013,2.5,
ESTAT:TRNG_LFS_05$DEFAULTVIEW(1.0),09/03/22 11:00:00,A,PC,TOTAL,T,Y18-64,RO,2014,2.0,
ESTAT:TRNG_LFS_05$DEFAULTVIEW(1.0),09/03/22 11:00:00,A,PC,TOTAL,T,Y18-64,RO,2015,1.8,
ESTAT:TRNG_LFS_05$DEFAULTVIEW(1.0),09/03/22 11:00:00,A,PC,TOTAL,T,Y18-64,RO,2016,1.5,
ESTAT:TRNG_LFS_05$DEFAULTVIEW(1.0),09/03/22 11:00:00,A,PC,TOTAL,T,Y18-64,RO,2017,1.4,
ESTAT:TRNG_LFS_05$DEFAULTVIEW(1.0),09/03/22 11:00:00,A,PC,TOTAL,T,Y18-64,RO,2018,1.2,
ESTAT:TRNG_LFS_05$DEFAULTVIEW(1.0),09/03/22 11:00:00,A,PC,TOTAL,T,Y18-64,RO,2019,1.6,
ESTAT:TRNG_LFS_05$DEFAULTVIEW(1.0),09/03/22 11:00:00,A,PC,TOTAL,T,Y18-64,RO,2020,1.1,
ESTAT:TRNG_LFS_05$DEFAULTVIEW(1.0),09/03/22 11:00:00,A,PC,TOTAL,T,Y18-64,RS,2011,4.0,
ESTAT:TRNG_LFS_05$DEFAULTVIEW(1.0),09/03/22 11:00:00,A,PC,TOTAL,T,Y18-64,RS,2012,4.1,
ESTAT:TRNG_LFS_05$DEFAULTVIEW(1.0),09/03/22 11:00:00,A,PC,TOTAL,T,Y18-64,RS,2013,4.9,
ESTAT:TRNG_LFS_05$DEFAULTVIEW(1.0),09/03/22 11:00:00,A,PC,TOTAL,T,Y18-64,RS,2014,5.3,b
ESTAT:TRNG_LFS_05$DEFAULTVIEW(1.0),09/03/22 11:00:00,A,PC,TOTAL,T,Y18-64,RS,2015,6.0,
ESTAT:TRNG_LFS_05$DEFAULTVIEW(1.0),09/03/22 11:00:00,A,PC,TOTAL,T,Y18-64,RS,2016,6.7,
ESTAT:TRNG_LFS_05$DEFAULTVIEW(1.0),09/03/22 11:00:00,A,PC,TOTAL,T,Y18-64,RS,2017,5.7,
ESTAT:TRNG_LFS_05$DEFAULTVIEW(1.0),09/03/22 11:00:00,A,PC,TOTAL,T,Y18-64,RS,2018,5.1,
ESTAT:TRNG_LFS_05$DEFAULTVIEW(1.0),09/03/22 11:00:00,A,PC,TOTAL,T,Y18-64,RS,2019,5.2,
ESTAT:TRNG_LFS_05$DEFAULTVIEW(1.0),09/03/22 11:00:00,A,PC,TOTAL,T,Y18-64,RS,2020,4.2,
ESTAT:TRNG_LFS_05$DEFAULTVIEW(1.0),09/03/22 11:00:00,A,PC,TOTAL,T,Y18-64,SE,2011,27.0,
ESTAT:TRNG_LFS_05$DEFAULTVIEW(1.0),09/03/22 11:00:00,A,PC,TOTAL,T,Y18-64,SE,2012,28.8,
ESTAT:TRNG_LFS_05$DEFAULTVIEW(1.0),09/03/22 11:00:00,A,PC,TOTAL,T,Y18-64,SE,2013,30.2,
ESTAT:TRNG_LFS_05$DEFAULTVIEW(1.0),09/03/22 11:00:00,A,PC,TOTAL,T,Y18-64,SE,2014,31.2,
ESTAT:TRNG_LFS_05$DEFAULTVIEW(1.0),09/03/22 11:00:00,A,PC,TOTAL,T,Y18-64,SE,2015,31.5,
ESTAT:TRNG_LFS_05$DEFAULTVIEW(1.0),09/03/22 11:00:00,A,PC,TOTAL,T,Y18-64,SE,2016,31.4,
ESTAT:TRNG_LFS_05$DEFAULTVIEW(1.0),09/03/22 11:00:00,A,PC,TOTAL,T,Y18-64,SE,2017,32.0,
ESTAT:TRNG_LFS_05$DEFAULTVIEW(1.0),09/03/22 11:00:00,A,PC,TOTAL,T,Y18-64,SE,2018,32.8,b
ESTAT:TRNG_LFS_05$DEFAULTVIEW(1.0),09/03/22 11:00:00,A,PC,TOTAL,T,Y18-64,SE,2019,36.3,
ESTAT:TRNG_LFS_05$DEFAULTVIEW(1.0),09/03/22 11:00:00,A,PC,TOTAL,T,Y18-64,SE,2020,29.7,
ESTAT:TRNG_LFS_05$DEFAULTVIEW(1.0),09/03/22 11:00:00,A,PC,TOTAL,T,Y18-64,SI,2011,22.2,
ESTAT:TRNG_LFS_05$DEFAULTVIEW(1.0),09/03/22 11:00:00,A,PC,TOTAL,T,Y18-64,SI,2012,18.6,
ESTAT:TRNG_LFS_05$DEFAULTVIEW(1.0),09/03/22 11:00:00,A,PC,TOTAL,T,Y18-64,SI,2013,16.8,
ESTAT:TRNG_LFS_05$DEFAULTVIEW(1.0),09/03/22 11:00:00,A,PC,TOTAL,T,Y18-64,SI,2014,15.9,
ESTAT:TRNG_LFS_05$DEFAULTVIEW(1.0),09/03/22 11:00:00,A,PC,TOTAL,T,Y18-64,SI,2015,16.0,
ESTAT:TRNG_LFS_05$DEFAULTVIEW(1.0),09/03/22 11:00:00,A,PC,TOTAL,T,Y18-64,SI,2016,15.9,
ESTAT:TRNG_LFS_05$DEFAULTVIEW(1.0),09/03/22 11:00:00,A,PC,TOTAL,T,Y18-64,SI,2017,16.4,
ESTAT:TRNG_LFS_05$DEFAULTVIEW(1.0),09/03/22 11:00:00,A,PC,TOTAL,T,Y18-64,SI,2018,15.6,
ESTAT:TRNG_LFS_05$DEFAULTVIEW(1.0),09/03/22 11:00:00,A,PC,TOTAL,T,Y18-64,SI,2019,14.6,
ESTAT:TRNG_LFS_05$DEFAULTVIEW(1.0),09/03/22 11:00:00,A,PC,TOTAL,T,Y18-64,SI,2020,11.0,
ESTAT:TRNG_LFS_05$DEFAULTVIEW(1.0),09/03/22 11:00:00,A,PC,TOTAL,T,Y18-64,SK,2011,5.0,b
ESTAT:TRNG_LFS_05$DEFAULTVIEW(1.0),09/03/22 11:00:00,A,PC,TOTAL,T,Y18-64,SK,2012,3.9,
ESTAT:TRNG_LFS_05$DEFAULTVIEW(1.0),09/03/22 11:00:00,A,PC,TOTAL,T,Y18-64,SK,2013,3.9,
ESTAT:TRNG_LFS_05$DEFAULTVIEW(1.0),09/03/22 11:00:00,A,PC,TOTAL,T,Y18-64,SK,2014,3.9,
ESTAT:TRNG_LFS_05$DEFAULTVIEW(1.0),09/03/22 11:00:00,A,PC,TOTAL,T,Y18-64,SK,2015,4.0,
ESTAT:TRNG_LFS_05$DEFAULTVIEW(1.0),09/03/22 11:00:00,A,PC,TOTAL,T,Y18-64,SK,2016,3.7,
ESTAT:TRNG_LFS_05$DEFAULTVIEW(1.0),09/03/22 11:00:00,A,PC,TOTAL,T,Y18-64,SK,2017,4.4,
ESTAT:TRNG_LFS_05$DEFAULTVIEW(1.0),09/03/22 11:00:00,A,PC,TOTAL,T,Y18-64,SK,2018,5.2,
ESTAT:TRNG_LFS_05$DEFAULTVIEW(1.0),09/03/22 11:00:00,A,PC,TOTAL,T,Y18-64,SK,2019,4.4,
ESTAT:TRNG_LFS_05$DEFAULTVIEW(1.0),09/03/22 11:00:00,A,PC,TOTAL,T,Y18-64,SK,2020,3.3,
ESTAT:TRNG_LFS_05$DEFAULTVIEW(1.0),09/03/22 11:00:00,A,PC,TOTAL,T,Y18-64,TR,2011,8.2,
ESTAT:TRNG_LFS_05$DEFAULTVIEW(1.0),09/03/22 11:00:00,A,PC,TOTAL,T,Y18-64,TR,2012,9.0,
ESTAT:TRNG_LFS_05$DEFAULTVIEW(1.0),09/03/22 11:00:00,A,PC,TOTAL,T,Y18-64,TR,2013,10.3,
ESTAT:TRNG_LFS_05$DEFAULTVIEW(1.0),09/03/22 11:00:00,A,PC,TOTAL,T,Y18-64,TR,2014,12.4,b
ESTAT:TRNG_LFS_05$DEFAULTVIEW(1.0),09/03/22 11:00:00,A,PC,TOTAL,T,Y18-64,TR,2015,12.1,
ESTAT:TRNG_LFS_05$DEFAULTVIEW(1.0),09/03/22 11:00:00,A,PC,TOTAL,T,Y18-64,TR,2016,12.8,
ESTAT:TRNG_LFS_05$DEFAULTVIEW(1.0),09/03/22 11:00:00,A,PC,TOTAL,T,Y18-64,TR,2017,12.6,
ESTAT:TRNG_LFS_05$DEFAULTVIEW(1.0),09/03/22 11:00:00,A,PC,TOTAL,T,Y18-64,TR,2018,12.5,
ESTAT:TRNG_LFS_05$DEFAULTVIEW(1.0),09/03/22 11:00:00,A,PC,TOTAL,T,Y18-64,TR,2019,11.5,
ESTAT:TRNG_LFS_05$DEFAULTVIEW(1.0),09/03/22 11:00:00,A,PC,TOTAL,T,Y18-64,TR,2020,11.2,
ESTAT:TRNG_LFS_05$DEFAULTVIEW(1.0),09/03/22 11:00:00,A,PC,TOTAL,T,Y18-64,UK,2011,21.2,
ESTAT:TRNG_LFS_05$DEFAULTVIEW(1.0),09/03/22 11:00:00,A,PC,TOTAL,T,Y18-64,UK,2012,21.2,
ESTAT:TRNG_LFS_05$DEFAULTVIEW(1.0),09/03/22 11:00:00,A,PC,TOTAL,T,Y18-64,UK,2013,21.4,
ESTAT:TRNG_LFS_05$DEFAULTVIEW(1.0),09/03/22 11:00:00,A,PC,TOTAL,T,Y18-64,UK,2014,21.2,
ESTAT:TRNG_LFS_05$DEFAULTVIEW(1.0),09/03/22 11:00:00,A,PC,TOTAL,T,Y18-64,UK,2015,20.7,
ESTAT:TRNG_LFS_05$DEFAULTVIEW(1.0),09/03/22 11:00:00,A,PC,TOTAL,T,Y18-64,UK,2016,19.5,
ESTAT:TRNG_LFS_05$DEFAULTVIEW(1.0),09/03/22 11:00:00,A,PC,TOTAL,T,Y18-64,UK,2017,19.2,
ESTAT:TRNG_LFS_05$DEFAULTVIEW(1.0),09/03/22 11:00:00,A,PC,TOTAL,T,Y18-64,UK,2018,19.5,
ESTAT:TRNG_LFS_05$DEFAULTVIEW(1.0),09/03/22 11:00:00,A,PC,TOTAL,T,Y18-64,UK,2019,19.8,
